system,s_target,s_achieved,theta,query,passing_edges,expected_rows,n_runs,median_ms,min_ms,max_ms,stddev_ms,output_rows,rows_match
full_mwj_no_filter,1.0,1.0,,aml_2hop_sel_1p000.sql,5078345,355144984,0,,,,,OOM,
nebuladb,0.001,0.0009997351499356581,416225565,aml_2hop_sel_0p001.sql,5077,2404,1,42621.617,42621.617,42621.617,0.0,2404,1
nebuladb,0.01,0.010000108303000289,13524530,aml_2hop_sel_0p010.sql,50784,82596,1,43465.057,43465.057,43465.057,0.0,82596,1
nebuladb,0.05,0.049998769284087634,623757,aml_2hop_sel_0p050.sql,253911,753013,1,46900.766,46900.766,46900.766,0.0,753013,1
nebuladb,0.1,0.10000009845727299,137275,aml_2hop_sel_0p100.sql,507835,2478413,1,59704.391,59704.391,59704.391,0.0,2478413,1
nebuladb,0.25,0.24999384642043815,12298,aml_2hop_sel_0p250.sql,1269555,12272345,1,130343.01000000001,130343.01000000001,130343.01000000001,0.0,12272345,1
nebuladb,0.5,0.4999118807406744,1415,aml_2hop_sel_0p500.sql,2538725,39282354,1,343721.116,343721.116,343721.116,0.0,39282354,1
nebuladb,1.0,1.0,,aml_2hop_sel_1p000.sql,5078345,355144984,0,,,,,OOM,
obliviator_chained,1.0,1.0,,aml_2hop_sel_1p000.sql,5078345,355144984,1,1173055.6269999999,1173055.6269999999,1173055.6269999999,0.0,355144984,
